,0,1
44,работа,351
96,опыт,332
22,опыт работа,305
31,склад,145
1922,ответственность,118
1417,внимательность,117
241,работа склад,102
49,опыт работа склад,100
1947,работать,82
1911,умение,75
100,готовность,71
768,образование,69
1581,аккуратность,61
1741,наличие,58
861,аналогичный,58
1529,знание,57
668,желательный,56
1991,быть,55
808,средний,53
1944,умение работать,53
1128,год,53
1379,1,52
1586,физический,48
875,работа аналогичный,46
895,опыт работа аналогичный,46
1661,исполнительность,43
1155,1 год,40
538,желательный опыт,40
863,должность,39
3546,желание,38
7937,команда,34
8446,пк,34
1479,навык,34
589,складской,33
1604,готовность физический,33
7966,преимущество,32
836,аналогичный должность,32
391,желательный опыт работа,31
1619,пользователь,30
840,опыт работа аналогичный должность,30
858,работа аналогичный должность,30
8295,желательно,29
8396,аккуратность внимательность,27
8539,уверенный,27
8415,внимательность умение,26
8385,работать команда,26
11477,требоваться,26
1463,комплектовщик,26
8390,умение работать команда,26
1899,гражданство,25
262,активный,25
9843,ваш,25
908,система,24
8420,возможность,24
1739,рф,23
1131,большой,23
9433,быть ваш,23
8445,обязательный,22
8890,образование средний,22
8413,внимательность умение работать,21
193,книжка,21
11786,желание работать,20
12167,хранение,20
203,близкий,20
798,специальный,20
2054,обязанность,20
1625,приветствоваться,20
14234,отсутствие,19
8382,аккуратность внимательность умение работать,19
1880,гражданство рф,19
7884,адресный,19
1539,опыт работа комплектовщик,19
1498,работа комплектовщик,19
8919,дисциплинированность,19
1926,обучаемость,19
3709,активность,19
11697,опыт работа требоваться,19
8412,аккуратность внимательность умение,19
2384,продукция,19
11465,работа требоваться,19
2530,сфера,19
1576,нагрузка,18
849,средний опыт,18
1201,ассортимент,18
1596,физический нагрузка,18
8565,уверенный пользователь,18
16312,владение,18
1593,готовность физический нагрузка,18
166,медицинский,18
8172,товар,17
854,средний опыт работа,17
2207,производство,17
1921,пунктуальность,17
8402,возможность приступать,17
116,время,17
8410,внимательность умение работать команда,17
8380,приступать,17
8400,возможность приступать работа,16
1282,комплектация,16
15718,склад быть,16
8425,приступать работа,16
21682,работа близкий,16
8389,аккуратность внимательность умение работать команда,16
8392,работать команда возможность приступать работа,15
842,низкий,15
792,средний специальный,15
8535,пользователь пк,15
27382,возможность приступать работа близкий,15
943,работа 1 год,15
8414,команда возможность,15
1407,работа 1,15
8384,умение работать команда возможность,15
8417,умение работать команда возможность приступать работа,15
8418,работать команда возможность приступать,15
8419,команда возможность приступать,15
256,кладовщик,15
8395,работать команда возможность,15
8407,команда возможность приступать работа,15
1337,опыт работа 1,15
1036,большой ассортимент,15
1597,монотонный,15
1049,опыт работа 1 год,15
8406,умение работать команда возможность приступать,15
27378,приступать работа близкий,15
27362,команда возможность приступать работа близкий,14
161,близкий время,14
27374,умение работать команда возможность приступать работа близкий,14
759,среднеспециальный,14
27345,работать команда возможность приступать работа близкий,14
8394,аккуратность внимательность умение работать команда возможность приступать,14
874,образование низкий,14
15045,работоспособность,14
8426,внимательность умение работать команда возможность приступать,14
8383,внимательность умение работать команда возможность,14
8422,аккуратность внимательность умение работать команда возможность приступать работа,14
7887,адресный система,14
7859,терминал,14
8404,внимательность умение работать команда возможность приступать работа,14
11975,ответственность внимательность,14
8399,аккуратность внимательность умение работать команда возможность,14
1151,класс,13
1233,ночной,13
898,низкий средний,13
353,интенсивный,13
1253,учет,13
7991,санитарный,13
27356,внимательность умение работать команда возможность приступать работа близкий,13
11426,исполнительность внимательность,13
1937,усидчивость,13
16365,навык владение,13
8174,являться,13
14081,мало,13
9847,высокий,13
25900,уверять,13
867,образование низкий средний,13
27394,аккуратность внимательность умение работать команда возможность приступать работа близкий,13
9027,склад желательный,13
13400,ответственность опыт работа,13
9451,ваш преимущество,13
418,6,13
9780,работа склад желательный,13
9825,опыт работа склад желательный,13
13487,ответственность опыт,13
21943,исполнительность ответственность,13
8597,активный жизненный,12
11540,выносливость,12
837,низкий средний опыт,12
983,смена,12
9944,быть ваш преимущество,12
13369,внимательность ответственность,12
15053,стрессоустойчивость,12
870,образование низкий средний опыт работа,12
1299,ночной смена,12
7856,склад адресный,12
15373,1С,12
1501,профессиональный,12
835,низкий средний опыт работа,12
7971,санитарный книжка,12
887,образование низкий средний опыт,12
8537,уверенный пользователь пк,12
8591,жизненный,12
20290,ответственность аккуратность,12
27319,работать команда возможность приступать работа близкий время уверять,11
27332,приступать работа близкий время уверять навык владение,11
27392,внимательность умение работать команда возможность приступать работа близкий время,11
27396,умение работать команда возможность приступать работа близкий время уверять,11
27367,работать команда возможность приступать работа близкий время уверять навык владение,11
7797,право,11
7852,работа склад адресный,11
27339,аккуратность внимательность умение работать команда возможность приступать работа близкий время уверять навык владение,11
7867,опыт работа склад адресный,11
27404,аккуратность внимательность умение работать команда возможность приступать работа близкий время уверять навык,11
27405,работа близкий время уверять навык,11
27406,время уверять навык владение,11
27407,внимательность умение работать команда возможность приступать работа близкий время уверять навык владение,11
27401,команда возможность приступать работа близкий время уверять,11
16295,владение пк,11
27389,аккуратность внимательность умение работать команда возможность приступать работа близкий время уверять,11
816,специальный образование,11
27361,работа близкий время уверять,11
27360,приступать работа близкий время уверять навык,11
1928,ответственность пунктуальность,11
27373,команда возможность приступать работа близкий время уверять навык владение,11
27354,работать команда возможность приступать работа близкий время,11
27349,уверять навык,11
27348,близкий время уверять навык владение,11
27376,работа близкий время,11
27381,команда возможность приступать работа близкий время,11
27366,умение работать команда возможность приступать работа близкий время уверять навык владение,11
27347,приступать работа близкий время,11
27346,возможность приступать работа близкий время,11
27383,время уверять,11
27343,уверять навык владение,11
27384,возможность приступать работа близкий время уверять,11
27385,возможность приступать работа близкий время уверять навык,11
27341,команда возможность приступать работа близкий время уверять навык,11
27388,внимательность умение работать команда возможность приступать работа близкий время уверять навык,11
27408,близкий время уверять,11
27419,работа близкий время уверять навык владение,11
27432,аккуратность внимательность умение работать команда возможность приступать работа близкий время,11
27420,работать команда возможность приступать работа близкий время уверять навык,11
27434,приступать работа близкий время уверять,11
15707,опыт работа склад быть,11
27425,возможность приступать работа близкий время уверять навык владение,11
27424,умение работать команда возможность приступать работа близкий время,11
27421,внимательность умение работать команда возможность приступать работа близкий время уверять,11
27433,близкий время уверять навык,11
15637,работа склад быть,11
27417,время уверять навык,11
27416,умение работать команда возможность приступать работа близкий время уверять навык,11
612,обучение,11
17821,чертеж,10
21934,исполнительность ответственность опыт работа,10
1481,хороший,10
81,мы,10
8636,позиция,10
1952,системность,10
17154,программа,10
1354,складской учет,10
16726,свой,10
3319,рассматривать,10
13561,внимательность готовность,10
21935,исполнительность ответственность опыт,10
1536,технический,10
575,месяц,10
2693,объем,10
19947,приветствоваться опыт,10
8545,обязательный опыт работа,10
2145,нацеленность,10
8555,обязательный опыт,10
8060,удостоверение,9
8820,проводиться,9
11063,заказ,9
1935,переносимость монотонный,9
13569,график,9
8252,желательно наличие,9
1757,упаковка,9
13562,сменный,9
1959,усидчивость системность,9
3447,клиент,9
15054,склад опыт,9
3059,данные,9
7973,действующий,9
1948,монотонный работа,9
1960,переносимость монотонный работа,9
17731,читать,9
15046,работа склад опыт работа,9
7877,данный,9
15050,склад опыт работа,9
1895,образование низко,9
1929,переносимость,9
1226,ТМЦ,9
13939,склад 1,9
1608,материал,9
667,наш,9
866,интенсивный работа,9
901,управление,9
509,компания,9
1395,год склад,9
15065,работа склад опыт,9
15038,опыт работа склад опыт,9
16699,хотеть,9
14069,мало 1,9
1712,низко,9
812,трудолюбие,9
15083,опыт работа склад опыт работа,9
13783,ответственность исполнительность,9
15049,стрессоустойчивость ответственность,9
1721,военный,8
1172,опыт работа 1 год склад,8
12574,система хранение,8
7853,работа склад адресный система,8
16757,наличие санитарный,8
859,переработка,8
17984,умение читать,8
8429,знание пк,8
12587,адресный система хранение,8
1185,наименование,8
7878,склад адресный система,8
1461,комплектовщик склад,8
1719,военный билет,8
1162,в,8
880,готовность интенсивный,8
1450,работа комплектовщик склад,8
1475,опыт работа комплектовщик склад,8
889,готовность интенсивный работа,8
890,готовность интенсивный работа переработка,8
891,работа переработка,8
2951,транспортировка,8
1717,билет,8
11810,физический выносливость,8
12290,3,8
896,склад готовность,8
1235,от,8
900,1 год склад,8
3169,мочь,8
7868,опыт работа склад адресный система,8
13336,готовность работать,8
3527,быть опыт,8
16680,наличие санитарный книжка,8
13919,аналогичный опыт работа,8
1811,наличие военный,8
13354,наличие действующий,8
19283,быть преимущество,8
3346,пищевой,8
1340,работа 1 год склад,8
14194,сканер,8
1027,группа,8
2230,100,8
13922,аналогичный опыт,8
13579,сменный график,8
8705,жизненный позиция,8
8651,активный жизненный позиция,8
834,интенсивный работа переработка,8
21030,приветствоваться опыт работа,8
1848,наличие военный билет,8
23485,склад желательный отсутствие опыт работа склад проводиться,7
23486,жизненный позиция опыт работа склад желательный отсутствие,7
23487,склад желательный отсутствие опыт работа склад,7
23484,желательный отсутствие,7
21941,ответственность опыт работа аналогичный,7
23483,отсутствие опыт работа склад проводиться,7
23482,активный жизненный позиция опыт работа склад желательный отсутствие опыт работа склад,7
13928,работа склад 1,7
13900,уровень,7
23481,активный жизненный позиция опыт работа склад желательный,7
21395,опыт работа данный,7
23480,опыт работа склад желательный отсутствие опыт работа склад,7
3194,объем 100 гр 225 гр жим масло упаковка тара бутылка,7
23488,опыт работа склад желательный отсутствие опыт работа,7
787,образование опыт,7
23489,склад желательный отсутствие,7
23496,активный жизненный позиция опыт работа склад желательный отсутствие опыт работа,7
3168,гр 225 гр жим масло упаковка тара,7
23502,отсутствие опыт,7
14195,труд,7
23501,позиция опыт работа склад желательный отсутствие опыт работа склад проводиться,7
23500,желательный отсутствие опыт,7
23499,опыт работа склад желательный отсутствие,7
23498,работа склад желательный отсутствие опыт работа склад,7
23497,работа склад желательный отсутствие опыт,7
23495,активный жизненный позиция опыт работа склад желательный отсутствие опыт работа склад проводиться,7
23490,активный жизненный позиция опыт работа склад желательный отсутствие,7
3161,200 мл,7
23494,активный жизненный позиция опыт работа склад,7
3184,жим масло упаковка тара бутылка 200 мл розлив,7
23493,опыт работа склад желательный отсутствие опыт,7
23492,позиция опыт работа,7
23491,позиция опыт работа склад желательный отсутствие опыт работа,7
3153,сфера косметика,7
13934,опыт работа склад 1,7
3147,объем 100 гр 225 гр жим масло упаковка тара,7
3023,гр 225 гр жим масло упаковка тара бутылка 200 мл розлив датировка,7
23479,работа склад желательный отсутствие,7
21936,работа аналогичный сфера,7
3060,жим масло упаковка тара бутылка 200 мл розлив датировка данные упаковка фасовка,7
3102,объем 100 гр 225 гр жим,7
3061,сфера косметика производство,7
3064,коробка,7
3065,сфера косметика производство масло,7
3074,тара,7
3101,объем 100 гр 225 гр жим масло упаковка,7
3078,бутылка 200 мл розлив датировка данные,7
21937,исполнительность ответственность опыт работа аналогичный сфера,7
1647,строительный,7
3079,бутылка 200 мл розлив датировка,7
3084,данные упаковка,7
3086,производство так мочь быть опыт сфера косметика производство,7
3089,производство так,7
21938,ответственность опыт работа аналогичный сфера,7
3090,обязанность фасовка,7
3093,мочь быть опыт сфера косметика производство масло,7
21939,исполнительность ответственность опыт работа аналогичный,7
3107,бутылка 200,7
751,образование опыт работа,7
21018,внимательность готовность физический,7
3043,масло упаковка тара бутылка 200 мл розлив датировка данные упаковка фасовка коробка,7
21940,аналогичный сфера,7
21463,работа данный,7
3143,100 гр 225 гр жим масло упаковка тара бутылка 200 мл розлив датировка,7
3030,коробка транспортировка,7
3195,фасовка наш,7
3032,так мочь быть опыт сфера косметика,7
13596,работать сменный,7
3033,мочь быть опыт сфера косметика производство,7
3044,100 гр 225 гр жим масло упаковка тара бутылка 200 мл розлив,7
3127,так мочь быть,7
3131,объем 100 гр 225 гр жим масло упаковка тара бутылка 200 мл розлив датировка данные упаковка фасовка коробка,7
3212,мл розлив датировка,7
3047,пищевой производство так мочь быть опыт сфера,7
3056,жим масло упаковка тара бутылка 200 мл,7
829,средний специальный образование,7
3223,жим,7
3057,быть опыт сфера косметика производство масло,7
3224,масло упаковка тара бутылка 200 мл розлив датировка данные упаковка фасовка,7
21942,опыт работа аналогичный сфера,7
1231,класс в большой ассортимент,7
3227,объем 100 гр 225,7
1280,в большой ассортимент,7
1082,ассортимент от 1500,7
1288,работа 1 год склад класс в большой ассортимент от 1500,7
3380,гр 225 гр жим,7
15030,работа склад опыт работа терминалсканер,7
3468,гр жим масло упаковка тара,7
1283,класс в большой ассортимент от 1500 наименование система складской учет,7
1088,опыт работа ночной смена операция,7
1089,опыт работа ночной смена операция связанный,7
1090,склад класс в большой ассортимент от 1500 наименование,7
1091,наименование система складской,7
1092,наименование система складской учет WMS опыт,7
1281,1500 наименование система складской учет WMS,7
1096,операция связанный комплектация,7
1080,работа ночной смена операция связанный комплектация различный группа,7
3454,гр жим масло упаковка тара бутылка 200,7
1279,комплектация различный,7
3383,100 гр 225 гр жим масло упаковка тара бутылка 200 мл розлив датировка данные,7
1277,система складской учет,7
1273,год склад класс в большой ассортимент от 1500 наименование система складской учет WMS опыт,7
3453,данные упаковка фасовка,7
1271,система складской,7
1269,класс в большой,7
1105,работа 1 год склад класс в большой,7
1106,ночной смена операция связанный комплектация,7
1107,1 год склад класс в большой ассортимент от 1500 наименование система складской учет WMS,7
1108,от 1500 наименование система складской,7
1289,работа ночной,7
1079,1 год склад класс в большой ассортимент от 1500 наименование система складской,7
1043,ассортимент от 1500 наименование система складской учет WMS опыт,7
3371,производство так мочь быть опыт сфера,7
1046,связанный комплектация,7
3366,фасовка коробка транспортировка,7
1326,большой ассортимент от,7
1050,ночной смена операция связанный комплектация различный,7
1325,большой ассортимент от 1500 наименование,7
1324,опыт работа ночной смена,7
15033,работоспособность стрессоустойчивость ответственность,7
1054,1 год склад класс в большой ассортимент,7
1055,опыт работа 1 год склад класс в большой ассортимент от,7
3487,данные упаковка фасовка коробка транспортировка,7
1057,операция связанный комплектация различный группа,7
1315,класс в большой ассортимент от,7
3480,гр жим масло упаковка тара бутылка 200 мл розлив датировка,7
1291,склад класс в большой ассортимент от 1500,7
3479,косметика производство,7
1064,работа ночной смена операция связанный комплектация,7
1310,ассортимент от 1500 наименование система,7
1308,учет WMS,7
1067,1 год склад класс в большой ассортимент от 1500 наименование система складской учет WMS опыт,7
1068,склад класс в большой ассортимент от,7
3375,розлив датировка данные упаковка,7
3377,масло,7
1074,ночной смена операция связанный,7
1075,ночной смена операция,7
15032,работоспособность стрессоустойчивость,7
1292,работа 1 год склад класс в большой ассортимент от 1500 наименование система складской учет WMS опыт,7
1268,смена операция связанный комплектация различный группа,7
1261,1 год склад класс в,7
1258,от 1500,7
3408,гр 225 гр жим масло упаковка,7
1152,работа ночной смена операция связанный,7
3402,опыт пищевой производство так мочь быть,7
3433,производство так мочь быть опыт сфера косметика,7
1217,опыт работа 1 год склад класс в большой ассортимент от 1500 наименование система складской учет WMS опыт,7
1157,год склад класс в большой,7
3431,продукция упаковка,7
3430,пищевой производство так мочь быть опыт сфера косметика,7
3429,масло упаковка тара бутылка 200 мл розлив датировка данные упаковка,7
1216,опыт работа 1 год склад класс в большой,7
1210,большой ассортимент от 1500 наименование система складской учет WMS,7
1165,различный группа,7
1208,связанный комплектация различный,7
1168,опыт работа 1 год склад класс в большой ассортимент от 1500 наименование система,7
1252,год склад класс в большой ассортимент от 1500 наименование,7
1205,опыт работа 1 год склад класс в,7
3410,гр 225 гр жим масло упаковка тара бутылка 200 мл,7
3411,наклейка,7
1174,операция связанный,7
1176,большой ассортимент от 1500 наименование система складской,7
1192,большой ассортимент от 1500,7
1190,в большой ассортимент от 1500 наименование система,7
1180,ассортимент от 1500 наименование система складской учет WMS,7
1181,наименование система складской учет WMS,7
1182,1500 наименование система складской,7
1183,склад класс в большой,7
1184,1 год склад класс в большой ассортимент от 1500 наименование система,7
1150,смена операция связанный комплектация,7
1149,в большой ассортимент от 1500 наименование система складской учет WMS,7
1148,1500,7
1220,опыт работа 1 год склад класс,7
1251,склад класс в большой ассортимент,7
14981,сборка,7
1246,WMS опыт,7
1243,от 1500 наименование,7
1238,1500 наименование система,7
1237,класс в большой ассортимент от 1500 наименование система складской учет WMS,7
3397,тара бутылка 200 мл розлив датировка данные упаковка фасовка коробка,7
1124,опыт работа 1 год склад класс в большой ассортимент,7
1125,в большой ассортимент от 1500 наименование система складской,7
1234,1 год склад класс в большой ассортимент от 1500,7
1129,год склад класс в большой ассортимент от 1500 наименование система складской учет WMS,7
1130,опыт работа ночной смена операция связанный комплектация различный группа,7
1132,ассортимент от 1500 наименование система складской,7
1232,от 1500 наименование система складской учет WMS,7
1229,в большой ассортимент от 1500,7
1227,большой ассортимент от 1500 наименование система складской учет,7
1138,работа 1 год склад класс в большой ассортимент от,7
3438,объем 100,7
1224,год склад класс в,7
1141,учет WMS опыт,7
1142,класс в большой ассортимент от 1500,7
3436,опыт пищевой,7
3401,объем 100 гр 225 гр жим масло,7
1222,смена операция связанный,7
1146,система складской учет WMS опыт,7
15034,опыт работа терминалсканер,7
3490,так мочь быть опыт сфера,7
3240,нагрузка нацеленность карьерный рост,7
3327,мочь быть опыт сфера косметика,7
3314,опыт пищевой производство так мочь быть опыт сфера косметика производство,7
928,год склад класс в большой ассортимент от 1500 наименование система складской учет,7
3550,жим масло упаковка тара,7
932,1 год склад класс в большой,7
933,от 1500 наименование система,7
3320,тара бутылка,7
935,1 год склад класс в большой ассортимент от 1500 наименование,7
3322,масло упаковка тара бутылка 200 мл,7
3324,производство так мочь,7
941,WMS,7
942,наименование система складской учет,7
944,1 год склад класс в большой ассортимент от 1500 наименование система складской учет,7
946,1500 наименование система складской учет,7
23504,активный жизненный позиция опыт,7
949,работа 1 год склад класс в большой ассортимент,7
3333,пищевой производство так мочь быть,7
953,в большой ассортимент от,7
15043,терминалсканер,7
3337,бутылка 200 мл,7
3338,упаковка тара бутылка 200,7
1414,склад класс в большой ассортимент от 1500 наименование система складской учет WMS,7
959,комплектация различный группа,7
960,опыт работа 1 год склад класс в большой ассортимент от 1500 наименование,7
1409,работа 1 год склад класс в большой ассортимент от 1500 наименование система,7
962,склад класс в большой ассортимент от 1500 наименование система складской,7
3535,опыт пищевой производство так мочь,7
3308,упаковка фасовка,7
923,связанный комплектация различный группа,7
1343,год склад класс в большой ассортимент от,7
3291,гр 225 гр,7
3251,нацеленность карьерный рост,7
3256,так мочь быть опыт сфера косметика производство масло,7
3260,тара бутылка 200 мл розлив,7
15066,работа терминалсканер,7
3276,нагрузка нацеленность,7
3279,пищевой производство так мочь,7
3280,225 гр жим масло упаковка тара бутылка 200 мл розлив датировка данные упаковка фасовка,7
3284,упаковка тара бутылка 200 мл розлив датировка данные упаковка,7
3285,гр жим масло упаковка,7
3286,нацеленность карьерный,7
3287,объем 100 гр 225 гр жим масло упаковка тара бутылка 200 мл,7
3289,бутылка,7
3293,гр жим масло упаковка тара бутылка,7
3306,гр жим масло,7
904,система складской учет WMS,7
905,работа ночной смена операция,7
907,ночной смена операция связанный комплектация различный группа,7
909,1500 наименование,7
3298,производство так мочь быть опыт сфера косметика производство масло,7
3300,225 гр жим масло упаковка тара бутылка 200 мл,7
912,ассортимент от,7
914,класс в большой ассортимент от 1500 наименование система,7
15055,склад опыт работа терминалсканер,7
919,ассортимент от 1500 наименование система складской учет,7
920,склад класс в большой ассортимент от 1500 наименование система,7
921,опыт работа ночной смена операция связанный комплектация различный,7
964,склад класс,7
965,большой ассортимент от 1500 наименование система складской учет WMS опыт,7
1408,большой ассортимент от 1500 наименование система,7
1357,в большой ассортимент от 1500 наименование система складской учет,7
1006,1 год склад класс,7
1371,год склад класс в большой ассортимент от 1500 наименование система складской,7
3354,упаковка тара бутылка 200 мл розлив датировка,7
1010,год склад класс в большой ассортимент от 1500,7
1012,опыт работа ночной,7
1363,опыт работа 1 год склад класс в большой ассортимент от 1500,7
1362,в большой ассортимент от 1500 наименование,7
3509,обязанность фасовка наш продукция упаковка,7
1360,год склад класс в большой ассортимент от 1500 наименование система,7
3506,гр 225 гр жим масло упаковка тара бутылка 200 мл розлив датировка данные упаковка фасовка коробка транспортировка,7
3503,опыт пищевой производство так мочь быть опыт сфера косметика,7
1359,опыт работа ночной смена операция связанный комплектация,7
3501,гр 225 гр жим масло упаковка тара бутылка,7
1406,работа 1 год склад класс в большой ассортимент от 1500 наименование система складской учет WMS,7
1355,различный,7
1023,связанный,7
1025,работа 1 год склад класс в большой ассортимент от 1500 наименование система складской учет,7
1026,1500 наименование система складской учет WMS опыт,7
1029,1 год склад класс в большой ассортимент от,7
3358,упаковка тара бутылка 200 мл розлив датировка данные,7
1031,склад класс в,7
1032,работа 1 год склад класс в большой ассортимент от 1500 наименование,7
3496,100 гр 225,7
1034,наименование система,7
1345,класс в большой ассортимент от 1500 наименование система складской,7
1344,смена операция,7
1378,в большой,7
1003,от 1500 наименование система складской учет WMS опыт,7
3514,датировка,7
1001,опыт работа 1 год склад класс в большой ассортимент от 1500 наименование система складской учет WMS,7
969,склад класс в большой ассортимент от 1500 наименование система складской учет WMS опыт,7
970,работа 1 год склад класс в большой ассортимент от 1500 наименование система складской,7
1402,смена операция связанный комплектация различный,7
973,класс в большой ассортимент от 1500 наименование,7
1401,склад класс в большой ассортимент от 1500 наименование система складской учет,7
975,складской учет WMS опыт,7
3345,готовность физический нагрузка нацеленность карьерный рост,7
1394,операция связанный комплектация различный,7
980,опыт работа 1 год склад класс в большой ассортимент от 1500 наименование система складской учет,7
981,складской учет WMS,7
1393,в большой ассортимент от 1500 наименование система складской учет WMS опыт,7
984,класс в большой ассортимент от 1500 наименование система складской учет WMS опыт,7
1392,опыт работа 1 год склад класс в большой ассортимент от 1500 наименование система складской,7
987,работа ночной смена операция связанный комплектация различный,7
1389,класс в,7
1388,работа 1 год склад класс в,7
990,работа ночной смена,7
3523,225 гр жим масло упаковка тара бутылка 200 мл розлив датировка данные упаковка фасовка коробка,7
15039,опыт работа склад опыт работа терминалсканер,7
3522,мл розлив датировка данные упаковка,7
1386,ассортимент от 1500 наименование,7
1385,работа 1 год склад класс,7
1384,год склад класс,7
3518,100 гр 225 гр жим масло упаковка тара бутылка 200 мл розлив датировка данные упаковка,7
1382,год склад класс в большой ассортимент,7
23503,активный жизненный позиция опыт работа склад желательный отсутствие опыт,7
1189,операция,7
23505,работа склад проводиться,7
2889,гр 225 гр жим масло упаковка тара бутылка 200,7
2092,упаковка тара бутылка 200 мл розлив датировка данные упаковка фасовка коробка транспортировка,7
2091,опыт пищевой производство так мочь быть опыт сфера косметика производство масло,7
2085,объем 100 гр,7
2082,мл,7
2081,розлив датировка,7
2750,опыт сфера косметика производство масло,7
2751,тара бутылка 200 мл,7
7703,электропогрузчик,7
7726,результат,7
2077,225 гр жим масло упаковка тара,7
2074,100 гр 225 гр жим масло упаковка тара бутылка,7
2753,готовность физический нагрузка нацеленность,7
2754,так мочь,7
2755,225 гр,7
23506,опыт работа склад желательный отсутствие опыт работа склад проводиться,7
2058,объем 100 гр 225 гр,7
8058,наличие удостоверение,7
2746,гр жим масло упаковка тара бутылка 200 мл розлив датировка данные упаковка фасовка коробка транспортировка,7
2740,225 гр жим масло упаковка,7
2111,100 гр,7
2141,быть опыт сфера косметика производство,7
2180,100 гр 225 гр жим масло упаковка тара бутылка 200,7
2174,так мочь быть опыт,7
2173,гр 225 гр жим масло упаковка тара бутылка 200 мл розлив датировка данные,7
2676,упаковка фасовка коробка транспортировка,7
2163,тара бутылка 200 мл розлив датировка данные упаковка,7
2678,фасовка коробка,7
2152,фасовка,7
2139,100 гр 225 гр жим масло,7
2112,200 мл розлив датировка данные упаковка фасовка коробка транспортировка,7
2703,мл розлив датировка данные упаковка фасовка коробка,7
2135,упаковка тара бутылка 200 мл розлив датировка данные упаковка фасовка,7
2715,объем 100 гр 225 гр жим масло упаковка тара бутылка 200 мл розлив датировка,7
2126,розлив датировка данные упаковка фасовка коробка транспортировка,7
2123,100 гр 225 гр жим,7
2721,обязанность фасовка наш,7
2120,гр 225 гр жим масло упаковка тара бутылка 200 мл розлив датировка данные упаковка,7
2055,жим масло упаковка тара бутылка,7
2053,упаковка фасовка коробка,7
8200,погрузчик,7
2873,225 гр жим масло,7
2831,гр 225 гр жим масло упаковка тара бутылка 200 мл розлив датировка данные упаковка фасовка коробка,7
1990,наш продукция,7
1983,физический нагрузка нацеленность,7
2851,жим масло упаковка тара бутылка 200 мл розлив датировка данные,7
2862,наклеивание,7
2870,жим масло упаковка тара бутылка 200 мл розлив датировка данные упаковка,7
8488,ответственный,7
1943,монотонный работа умение,7
2000,производство так мочь быть опыт,7
1942,монотонный работа умение работать,7
1940,работа умение,7
1938,переносимость монотонный работа умение работать,7
1934,переносимость монотонный работа умение,7
1932,работа умение работать,7
2879,200 мл розлив датировка данные упаковка фасовка коробка,7
2886,фасовка наш продукция упаковка,7
2828,мочь быть,7
2009,пищевой производство так,7
2771,опыт пищевой производство так мочь быть опыт,7
2800,пищевой производство так мочь быть опыт сфера косметика производство,7
2781,мл розлив,7
2044,так,7
2785,датировка данные,7
2040,обязанность фасовка наш продукция,7
2038,косметика,7
2037,200 мл розлив датировка данные упаковка,7
2035,мл розлив датировка данные упаковка фасовка коробка транспортировка,7
2801,масло упаковка,7
2816,тара бутылка 200 мл розлив датировка данные упаковка фасовка,7
2029,опыт сфера косметика производство,7
2025,карьерный рост,7
2808,225 гр жим масло упаковка тара бутылка,7
2812,производство так мочь быть,7
2020,производство масло,7
2814,гр 225,7
2815,225 гр жим масло упаковка тара бутылка 200 мл розлив датировка,7
2186,тара бутылка 200 мл розлив датировка данные упаковка фасовка коробка транспортировка,7
2654,опыт пищевой производство так мочь быть опыт сфера,7
2189,опыт сфера косметика,7
2378,225 гр жим масло упаковка тара бутылка 200,7
2404,быть опыт сфера косметика,7
2525,тара бутылка 200 мл розлив датировка данные,7
2528,датировка данные упаковка фасовка,7
2536,рост,7
2539,пищевой производство,7
2391,наклейка коробка,7
2547,фасовка наш продукция,7
2377,гр жим масло упаковка тара бутылка 200 мл розлив датировка данные,7
2524,гр жим масло упаковка тара бутылка 200 мл розлив датировка данные упаковка фасовка,7
2376,бутылка 200 мл розлив датировка данные упаковка фасовка коробка транспортировка,7
2548,200 мл розлив датировка,7
2372,розлив,7
2371,упаковка тара,7
2553,гр жим,7
2354,гр жим масло упаковка тара бутылка 200 мл,7
2348,нагрузка нацеленность карьерный,7
2405,упаковка тара бутылка 200 мл розлив датировка данные упаковка фасовка коробка,7
2413,розлив датировка данные упаковка фасовка,7
2565,датировка данные упаковка,7
2490,мл розлив датировка данные упаковка фасовка,7
2458,датировка данные упаковка фасовка коробка,7
2471,карьерный,7
2448,мл розлив датировка данные,7
2474,упаковка тара бутылка 200 мл,7
2481,розлив датировка данные упаковка фасовка коробка,7
2438,225 гр жим масло упаковка тара бутылка 200 мл розлив датировка данные упаковка,7
2487,гр 225 гр жим масло,7
2491,объем 100 гр 225 гр жим масло упаковка тара бутылка 200 мл розлив датировка данные упаковка фасовка,7
2516,быть опыт сфера,7
23,полгода,7
2493,упаковка тара бутылка 200 мл розлив,7
2494,опыт пищевой производство,7
2423,100 гр 225 гр жим масло упаковка тара бутылка 200 мл розлив датировка данные упаковка фасовка коробка транспортировка,7
2422,гр жим масло упаковка тара бутылка 200 мл розлив,7
2506,объем 100 гр 225 гр жим масло упаковка тара бутылка 200 мл розлив,7
2513,датировка данные упаковка фасовка коробка транспортировка,7
2564,100 гр 225 гр жим масло упаковка тара бутылка 200 мл,7
2571,наклеивание наклейка,7
2191,225,7
2217,225 гр жим масло упаковка тара бутылка 200 мл розлив датировка данные упаковка фасовка коробка транспортировка,7
2622,225 гр жим,7
2629,масло упаковка тара бутылка 200 мл розлив датировка,7
2232,100 гр 225 гр жим масло упаковка,7
2225,масло упаковка тара,7
2224,бутылка 200 мл розлив датировка данные упаковка фасовка коробка,7
2223,косметика производство масло,7
2638,100 гр 225 гр жим масло упаковка тара бутылка 200 мл розлив датировка данные упаковка фасовка коробка,7
2639,масло упаковка тара бутылка,7
2252,объем 100 гр 225 гр жим масло упаковка тара бутылка 200 мл розлив датировка данные,7
2214,тара бутылка 200,7
2213,физический нагрузка нацеленность карьерный рост,7
2211,жим масло упаковка,7
2200,опыт пищевой производство так,7
2199,масло упаковка тара бутылка 200,7
2194,масло упаковка тара бутылка 200 мл розлив датировка данные упаковка фасовка коробка транспортировка,7
2192,гр,7
2620,жим масло упаковка тара бутылка 200 мл розлив датировка,7
2256,опыт сфера,7
2332,мочь быть опыт сфера,7
2306,наш продукция упаковка,7
2577,225 гр жим масло упаковка тара бутылка 200 мл розлив датировка данные,7
2582,225 гр жим масло упаковка тара бутылка 200 мл розлив,7
2321,гр 225 гр жим масло упаковка тара бутылка 200 мл розлив датировка данные упаковка фасовка,7
2318,масло упаковка тара бутылка 200 мл розлив датировка данные,7
2585,готовность физический нагрузка нацеленность карьерный,7
111,медицинский книжка,7
2308,пищевой производство так мочь быть опыт,7
2300,так мочь быть опыт сфера косметика производство,7
2265,тара бутылка 200 мл розлив датировка,7
2291,200,7
2289,200 мл розлив,7
2596,объем 100 гр 225 гр жим масло упаковка тара бутылка 200 мл розлив датировка данные упаковка фасовка коробка транспортировка,7
2285,розлив датировка данные,7
2277,100 гр 225 гр жим масло упаковка тара,7
2272,бутылка 200 мл розлив,7
2271,жим масло,7
2888,упаковка тара бутылка,7
2758,бутылка 200 мл розлив датировка данные упаковка,7
23532,жизненный позиция опыт работа склад желательный отсутствие опыт работа склад проводиться,7
16706,свой команда мы хотеть видеть,7
23529,жизненный позиция опыт работа склад желательный отсутствие опыт работа,7
16703,хотеть видеть,7
23528,желательный отсутствие опыт работа склад,7
23527,опыт работа склад проводиться,7
23526,отсутствие опыт работа склад,7
16704,видеть,7
23525,позиция опыт работа склад,7
23519,жизненный позиция опыт работа склад желательный отсутствие опыт,7
16756,свой команда мы,7
16738,мы хотеть,7
23524,жизненный позиция опыт работа,7
23522,позиция опыт работа склад желательный отсутствие опыт,7
16740,мы хотеть видеть,7
23521,склад желательный отсутствие опыт,7
2954,гр жим масло упаковка тара бутылка 200 мл розлив датировка данные упаковка,7
23530,активный жизненный позиция опыт работа,7
16734,честный,7
16677,команда мы хотеть видеть,7
2926,данные упаковка фасовка коробка,7
23531,позиция опыт,7
2973,100 гр 225 гр жим масло упаковка тара бутылка 200 мл розлив датировка данные упаковка фасовка,7
2948,гр жим масло упаковка тара бутылка 200 мл розлив датировка данные упаковка фасовка коробка,7
1872,военнообязанный,7
16698,порядочный,7
3009,мочь быть опыт,7
2991,физический нагрузка нацеленность карьерный,7
3006,пищевой производство так мочь быть опыт сфера косметика производство масло,7
1187,от 1500 наименование система складской учет,7
2998,объем 100 гр 225 гр жим масло упаковка тара бутылка 200,7
2928,жим масло упаковка тара бутылка 200,7
2995,наклеивание наклейка коробка,7
23520,склад желательный отсутствие опыт работа,7
23523,жизненный позиция опыт,7
16752,свой команда,7
2916,100 гр 225 гр,7
2897,жим масло упаковка тара бутылка 200 мл розлив датировка данные упаковка фасовка коробка,7
2899,бутылка 200 мл розлив датировка данные упаковка фасовка,7
16749,порядочный честный,7
2901,200 мл розлив датировка данные упаковка фасовка,7
23507,жизненный позиция опыт работа склад,7
23508,работа склад желательный отсутствие опыт работа склад проводиться,7
2902,масло упаковка тара бутылка 200 мл розлив,7
2979,объем 100 гр 225 гр жим масло упаковка тара бутылка 200 мл розлив датировка данные упаковка,7
23509,отсутствие опыт работа,7
2909,жим масло упаковка тара бутылка 200 мл розлив датировка данные упаковка фасовка коробка транспортировка,7
23510,работа склад желательный отсутствие опыт работа,7
16714,команда мы,7
2970,гр 225 гр жим масло упаковка тара бутылка 200 мл розлив,7
2912,200 мл розлив датировка данные,7
16688,команда мы хотеть,7
23511,желательный отсутствие опыт работа,7
16711,свой команда мы хотеть,7
23516,жизненный позиция опыт работа склад желательный,7
23513,жизненный позиция опыт работа склад желательный отсутствие опыт работа склад,7
23517,желательный отсутствие опыт работа склад проводиться,7
23514,склад проводиться,7
23512,позиция опыт работа склад желательный отсутствие опыт работа склад,7
23518,позиция опыт работа склад желательный,7
23515,позиция опыт работа склад желательный отсутствие,7
2606,продукция упаковка премиум класс объем 100 гр 225 гр жим масло,6
2946,премиум,6
2297,наш продукция упаковка премиум класс объем 100 гр 225 гр жим масло упаковка тара бутылка 200 мл розлив датировка данные упаковка фасовка коробка транспортировка,6
2593,класс объем 100 гр 225 гр жим масло упаковка тара бутылка 200 мл розлив датировка данные упаковка фасовка коробка транспортировка отправка клиент наклеивание наклейка,6
2266,датировка данные упаковка фасовка коробка транспортировка отправка,6
2305,премиум класс объем 100 гр 225 гр жим масло упаковка тара бутылка 200 мл розлив датировка данные упаковка фасовка коробка транспортировка отправка клиент наклеивание наклейка коробка,6
2942,масло упаковка тара бутылка 200 мл розлив датировка данные упаковка фасовка коробка транспортировка отправка клиент наклеивание наклейка коробка,6
3368,наш продукция упаковка премиум класс объем 100 гр 225 гр жим,6
2304,коробка транспортировка отправка клиент наклеивание наклейка коробка,6
3063,фасовка наш продукция упаковка премиум класс,6
3370,200 мл розлив датировка данные упаковка фасовка коробка транспортировка отправка клиент,6
2299,жим масло упаковка тара бутылка 200 мл розлив датировка данные упаковка фасовка коробка транспортировка отправка клиент наклеивание наклейка коробка,6
2603,фасовка коробка транспортировка отправка,6
2281,наш продукция упаковка премиум класс объем 100 гр 225 гр жим масло упаковка тара бутылка 200 мл розлив,6
2947,упаковка премиум,6
2303,розлив датировка данные упаковка фасовка коробка транспортировка отправка клиент,6
2288,продукция упаковка премиум класс объем 100,6
2949,наш продукция упаковка премиум класс объем 100 гр 225 гр жим масло упаковка тара бутылка 200 мл,6
3376,премиум класс объем 100 гр 225 гр жим масло упаковка тара бутылка 200 мл розлив датировка данные,6
2298,фасовка наш продукция упаковка премиум класс объем 100 гр 225 гр жим масло упаковка тара бутылка 200 мл,6
2302,отправка клиент,6
3374,наш продукция упаковка премиум класс объем 100 гр 225 гр жим масло упаковка тара бутылка 200 мл розлив датировка данные упаковка,6
2295,тара бутылка 200 мл розлив датировка данные упаковка фасовка коробка транспортировка отправка клиент наклеивание наклейка коробка,6
2891,данные упаковка фасовка коробка транспортировка отправка клиент наклеивание,6
2613,200 мл розлив датировка данные упаковка фасовка коробка транспортировка отправка клиент наклеивание наклейка,6
2210,отправка клиент наклеивание наклейка коробка,6
16759,опыт работа требоваться свой команда,6
16758,свой команда мы хотеть видеть активный порядочный честный,6
2215,датировка данные упаковка фасовка коробка транспортировка отправка клиент наклеивание наклейка,6
3357,премиум класс объем 100 гр 225 гр жим,6
3092,гр жим масло упаковка тара бутылка 200 мл розлив датировка данные упаковка фасовка коробка транспортировка отправка клиент наклеивание,6
16754,команда мы хотеть видеть активный порядочный,6
16753,мы хотеть видеть активный порядочный,6
2209,100 гр 225 гр жим масло упаковка тара бутылка 200 мл розлив датировка данные упаковка фасовка коробка транспортировка отправка клиент,6
2262,упаковка премиум класс объем 100 гр 225 гр жим масло упаковка тара бутылка,6
2206,упаковка фасовка коробка транспортировка отправка клиент наклеивание наклейка коробка,6
2645,225 гр жим масло упаковка тара бутылка 200 мл розлив датировка данные упаковка фасовка коробка транспортировка отправка клиент наклеивание наклейка коробка,6
3094,класс объем 100 гр 225 гр жим масло упаковка тара бутылка 200 мл розлив датировка,6
2648,гр жим масло упаковка тара бутылка 200 мл розлив датировка данные упаковка фасовка коробка транспортировка отправка клиент наклеивание наклейка коробка,6
2652,фасовка наш продукция упаковка премиум класс объем 100 гр 225,6
16750,хотеть видеть активный порядочный честный,6
2193,фасовка наш продукция упаковка премиум,6
2219,наш продукция упаковка премиум класс объем 100 гр 225 гр жим масло упаковка тара бутылка 200 мл розлив датировка данные упаковка фасовка коробка транспортировка отправка клиент наклеивание наклейка коробка,6
2222,наш продукция упаковка премиум класс объем 100,6
16760,команда мы хотеть видеть активный порядочный честный,6
2931,обязанность фасовка наш продукция упаковка премиум класс объем 100 гр 225 гр жим масло упаковка тара бутылка 200 мл розлив датировка данные упаковка фасовка коробка,6
3068,фасовка наш продукция упаковка премиум класс объем 100 гр 225 гр жим масло упаковка тара бутылка 200,6
2254,упаковка премиум класс объем 100 гр 225 гр жим масло упаковка тара бутылка 200 мл розлив датировка данные упаковка фасовка коробка транспортировка отправка,6
2938,200 мл розлив датировка данные упаковка фасовка коробка транспортировка отправка клиент наклеивание,6
2251,упаковка премиум класс объем 100 гр,6
3070,упаковка премиум класс объем 100 гр 225 гр жим масло упаковка тара бутылка 200 мл розлив датировка данные упаковка,6
2249,фасовка коробка транспортировка отправка клиент наклеивание,6
3073,класс объем 100 гр 225 гр жим масло упаковка тара бутылка 200 мл розлив датировка данные упаковка,6
2245,продукция упаковка премиум класс объем 100 гр,6
2235,датировка данные упаковка фасовка коробка транспортировка отправка клиент наклеивание наклейка коробка,6
2937,продукция упаковка премиум класс объем 100 гр 225 гр жим масло упаковка тара бутылка 200 мл розлив датировка данные упаковка фасовка,6
3075,розлив датировка данные упаковка фасовка коробка транспортировка отправка клиент наклеивание,6
2631,упаковка премиум класс объем 100 гр 225 гр,6
3360,класс объем 100 гр 225 гр,6
2634,упаковка премиум класс объем 100 гр 225 гр жим масло,6
2933,наш продукция упаковка премиум класс объем 100 гр 225 гр жим масло упаковка тара бутылка,6
3048,данные упаковка фасовка коробка транспортировка отправка клиент наклеивание наклейка коробка,6
2345,упаковка премиум класс объем 100,6
2309,датировка данные упаковка фасовка коробка транспортировка отправка клиент наклеивание,6
2587,225 гр жим масло упаковка тара бутылка 200 мл розлив датировка данные упаковка фасовка коробка транспортировка отправка клиент наклеивание наклейка,6
2523,наш продукция упаковка премиум класс объем 100 гр 225 гр,6
2407,фасовка наш продукция упаковка премиум класс объем 100 гр 225 гр жим масло упаковка тара бутылка 200 мл розлив датировка данные упаковка,6
2406,наш продукция упаковка премиум класс объем 100 гр 225 гр жим масло упаковка тара бутылка 200 мл розлив датировка данные упаковка фасовка коробка транспортировка отправка клиент,6
2526,класс объем 100 гр 225 гр жим масло упаковка тара бутылка 200 мл розлив датировка данные упаковка фасовка коробка транспортировка отправка клиент наклеивание,6
2531,фасовка коробка транспортировка отправка клиент наклеивание наклейка коробка,6
2396,упаковка премиум класс объем 100 гр 225 гр жим масло упаковка тара бутылка 200 мл розлив датировка данные упаковка фасовка коробка транспортировка отправка клиент наклеивание,6
2537,обязанность фасовка наш продукция упаковка премиум класс объем 100 гр 225 гр жим масло упаковка тара бутылка 200 мл розлив датировка данные упаковка,6
2463,100 гр 225 гр жим масло упаковка тара бутылка 200 мл розлив датировка данные упаковка фасовка коробка транспортировка отправка клиент наклеивание наклейка коробка,6
2390,фасовка наш продукция упаковка премиум класс объем 100 гр 225 гр жим масло упаковка тара бутылка 200 мл розлив датировка данные упаковка фасовка коробка транспортировка отправка,6
2540,продукция упаковка премиум класс объем 100 гр 225 гр жим масло упаковка,6
2388,упаковка премиум класс объем 100 гр 225 гр жим масло упаковка тара бутылка 200,6
2543,гр 225 гр жим масло упаковка тара бутылка 200 мл розлив датировка данные упаковка фасовка коробка транспортировка отправка клиент наклеивание,6
2385,наш продукция упаковка премиум класс объем 100 гр,6
2545,фасовка наш продукция упаковка премиум класс объем 100 гр 225 гр жим масло упаковка тара бутылка 200 мл розлив датировка данные упаковка фасовка коробка,6
2546,обязанность фасовка наш продукция упаковка премиум класс объем 100 гр 225 гр жим масло упаковка тара бутылка 200 мл розлив датировка данные упаковка фасовка коробка транспортировка,6
2412,100 гр 225 гр жим масло упаковка тара бутылка 200 мл розлив датировка данные упаковка фасовка коробка транспортировка отправка клиент наклеивание,6
2509,класс объем 100 гр 225 гр жим масло упаковка тара бутылка 200 мл розлив датировка данные упаковка фасовка,6
2420,премиум класс,6
3416,упаковка премиум класс объем 100 гр 225 гр жим масло упаковка тара бутылка 200 мл,6
2466,продукция упаковка премиум класс объем 100 гр 225 гр жим масло упаковка тара бутылка 200 мл розлив датировка данные,6
2467,обязанность фасовка наш продукция упаковка премиум класс объем 100 гр 225 гр жим масло упаковка тара,6
2451,премиум класс объем 100 гр 225 гр жим масло упаковка тара бутылка 200 мл розлив датировка данные упаковка фасовка коробка,6
2450,класс объем 100 гр 225 гр жим масло упаковка тара бутылка 200 мл розлив датировка данные упаковка фасовка коробка транспортировка отправка клиент наклеивание наклейка коробка,6
2472,премиум класс объем 100 гр 225,6
3417,продукция упаковка премиум класс,6
2479,мл розлив датировка данные упаковка фасовка коробка транспортировка отправка,6
2424,обязанность фасовка наш продукция упаковка премиум класс объем 100 гр 225 гр жим масло упаковка тара бутылка 200 мл розлив датировка данные,6
2443,бутылка 200 мл розлив датировка данные упаковка фасовка коробка транспортировка отправка клиент,6
2483,продукция упаковка премиум класс объем 100 гр 225 гр жим масло упаковка тара бутылка 200 мл розлив датировка данные упаковка фасовка коробка транспортировка отправка клиент,6
2439,гр 225 гр жим масло упаковка тара бутылка 200 мл розлив датировка данные упаковка фасовка коробка транспортировка отправка клиент,6
2486,упаковка премиум класс объем 100 гр 225 гр жим масло упаковка тара бутылка 200 мл розлив датировка,6
20608,высокий работоспособность,6
2498,мл розлив датировка данные упаковка фасовка коробка транспортировка отправка клиент наклеивание наклейка,6
2380,транспортировка отправка клиент,6
3016,обязанность фасовка наш продукция упаковка премиум класс объем 100 гр 225 гр жим масло упаковка тара бутылка 200 мл розлив датировка,6
3012,продукция упаковка премиум класс объем 100 гр 225 гр жим масло упаковка тара бутылка 200 мл розлив датировка данные упаковка фасовка коробка транспортировка отправка клиент наклеивание,6
2982,фасовка наш продукция упаковка премиум класс объем 100 гр 225 гр жим масло упаковка тара бутылка 200 мл розлив датировка данные упаковка фасовка коробка транспортировка отправка клиент наклеивание,6
2984,фасовка наш продукция упаковка премиум класс объем 100 гр,6
2336,коробка транспортировка отправка клиент наклеивание,6
3037,коробка транспортировка отправка,6
2574,обязанность фасовка наш продукция упаковка премиум класс объем 100 гр 225 гр жим масло упаковка тара бутылка 200 мл розлив,6
3038,упаковка фасовка коробка транспортировка отправка клиент,6
3039,класс объем,6
2320,200 мл розлив датировка данные упаковка фасовка коробка транспортировка отправка,6
2987,класс объем 100 гр,6
2583,упаковка премиум класс объем 100 гр 225 гр жим масло упаковка тара,6
2981,премиум класс объем 100 гр 225 гр,6
2316,наш продукция упаковка премиум класс объем 100 гр 225 гр жим масло упаковка тара бутылка 200 мл розлив датировка данные упаковка фасовка коробка,6
3046,премиум класс объем 100 гр 225 гр жим масло упаковка тара,6
15723,образование средний специальный,6
2312,упаковка тара бутылка 200 мл розлив датировка данные упаковка фасовка коробка транспортировка отправка клиент,6
2340,продукция упаковка премиум класс объем 100 гр 225 гр жим масло упаковка тара бутылка,6
16747,мы хотеть видеть активный,6
3020,мл розлив датировка данные упаковка фасовка коробка транспортировка отправка клиент наклеивание,6
2554,премиум класс объем 100 гр 225 гр жим масло упаковка,6
2550,продукция упаковка премиум класс объем 100 гр 225 гр жим масло упаковка тара бутылка 200,6
3393,премиум класс объем 100 гр 225 гр жим масло упаковка тара бутылка 200 мл розлив датировка данные упаковка фасовка коробка транспортировка отправка клиент наклеивание,6
2370,наш продукция упаковка премиум класс объем 100 гр 225 гр жим масло упаковка тара бутылка 200,6
